word_id,japanese,romaji,furigana,english,italian,unlock_level
ja_001,こんにちは,konnichiwa,,hello,ciao,1
ja_002,ありがとう,arigatou,,thanks,grazie,1
ja_003,はい,hai,,yes,sì,1
ja_004,いいえ,iie,,no,no,1
ja_005,お願いします,onegaishimasu,おねがいします,please,per favore,1
ja_006,ごめんなさい,gomen nasai,,sorry,scusa,2
ja_007,朝,asa,あさ,morning,mattina,2
ja_008,夕方,yuugata,ゆうがた,evening,sera,2
ja_009,日,hi,ひ,day,giorno,2
ja_010,夜,yoru,よる,night,notte,2
ja_011,水,mizu,みず,water,acqua,3
ja_012,食べ物,tabemono,たべもの,food,cibo,3
ja_013,コーヒー,koohii,,coffee,caffè,3
ja_014,パン,pan,,bread,pane,3
ja_015,家,ie,いえ,house,casa,3
ja_016,車,kuruma,くるま,car,macchina,4
ja_017,本,hon,ほん,book,libro,4
ja_018,友達,tomodachi,ともだち,friend,amico,4
ja_019,家族,kazoku,かぞく,family,famiglia,4
ja_020,学校,gakkou,がっこう,school,scuola,4
ja_021,男の人,otoko no hito,おとこのひと,man,uomo,5
ja_022,女の人,onna no hito,おんなのひと,woman,donna,5
ja_023,子供,kodomo,こども,child,bambino,5
ja_024,女の子,onna no ko,おんなのこ,girl,bambina,5
ja_025,男の子,otoko no ko,おとこのこ,boy,ragazzo,5
ja_026,母,haha,はは,mother,madre,6
ja_027,父,chichi,ちち,father,padre,6
ja_028,姉,ane,あね,sister,sorella,6
ja_029,兄,ani,あに,brother,fratello,6
ja_030,祖母,sobo,そぼ,grandmother,nonna,6
ja_031,大きい,ookii,おおきい,big,grande,7
ja_032,小さい,chiisai,ちいさい,small,piccolo,7
ja_033,良い,yoi,よい,good,buono,7
ja_034,悪い,warui,わるい,bad,cattivo,7
ja_035,新しい,atarashii,あたらしい,new,nuovo,7
ja_036,古い,furui,ふるい,old,vecchio,8
ja_037,暖かい,atatakai,あたたかい,warm,caldo,8
ja_038,寒い,samui,さむい,cold,freddo,8
ja_039,速い,hayai,はやい,fast,veloce,8
ja_040,遅い,osoi,おそい,slow,lento,8
ja_041,私,watashi,わたし,I,io,9
ja_042,あなた,anata,,you,tu,9
ja_043,彼,kare,かれ,he,lui,9
ja_044,彼女,kanojo,かのじょ,she,lei,9
ja_045,私たち,watashitachi,わたしたち,we,noi,9
ja_046,あなたたち,anatatachi,,you plural,voi,10
ja_047,彼ら,karera,かれら,they,loro,10
ja_048,私の,watashi no,わたしの,my,mio,10
ja_049,あなたの,anata no,,your,tuo,10
ja_050,私たちの,watashitachi no,わたしたちの,our,nostro,10
ja_051,です,desu,,to be,essere,11
ja_052,持つ,motsu,もつ,to have,avere,11
ja_053,行く,iku,いく,to go,andare,11
ja_054,来る,kuru,くる,to come,venire,11
ja_055,する,suru,,to do,fare,11
ja_056,食べる,taberu,たべる,to eat,mangiare,12
ja_057,飲む,nomu,のむ,to drink,bere,12
ja_058,読む,yomu,よむ,to read,leggere,12
ja_059,書く,kaku,かく,to write,scrivere,12
ja_060,話す,hanasu,はなす,to speak,parlare,12
ja_061,一つ,hitotsu,ひとつ,a common,un,13
ja_062,一つ,hitotsu,ひとつ,a feminine,una,13
ja_063,一つ,hitotsu,ひとつ,a neuter,un,13
ja_064,それ,sore,,it common,esso,13
ja_065,それ,sore,,it neuter,esso,13
ja_066,ここ,koko,,here,qui,14
ja_067,そこ,soko,,there,lì,14
ja_068,今,ima,いま,now,ora,14
ja_069,後で,ato de,あとで,later,più tardi,14
ja_070,いつも,itsumo,,always,sempre,14
ja_071,今日,kyou,きょう,today,oggi,15
ja_072,明日,ashita,あした,tomorrow,domani,15
ja_073,昨日,kinou,きのう,yesterday,ieri,15
ja_074,週,shuu,しゅう,week,settimana,15
ja_075,月,tsuki,つき,month,mese,15
ja_076,赤,aka,あか,red,rosso,16
ja_077,青,ao,あお,blue,blu,16
ja_078,緑,midori,みどり,green,verde,16
ja_079,黄色,kiiro,きいろ,yellow,giallo,16
ja_080,黒,kuro,くろ,black,nero,16
ja_081,白,shiro,しろ,white,bianco,17
ja_082,茶色,chairo,ちゃいろ,brown,marrone,17
ja_083,ピンク,pinku,,pink,rosa,17
ja_084,オレンジ,orenji,,orange,arancione,17
ja_085,紫,murasaki,むらさき,purple,viola,17
ja_086,一,ichi,いち,one,uno,18
ja_087,二,ni,に,two,due,18
ja_088,三,san,さん,three,tre,18
ja_089,四,yon,よん,four,quattro,18
ja_090,五,go,ご,five,cinque,18
ja_091,六,roku,ろく,six,sei,19
ja_092,七,nana,なな,seven,sette,19
ja_093,八,hachi,はち,eight,otto,19
ja_094,九,kyuu,きゅう,nine,nove,19
ja_095,十,juu,じゅう,ten,dieci,19
ja_096,どこ,doko,,where,dove,20
ja_097,何,nani,なに,what,cosa,20
ja_098,誰,dare,だれ,who,chi,20
ja_099,いつ,itsu,,when,quando,20
ja_100,なぜ,naze,,why,perché,20
ja_101,どう,dou,,how,come,21
ja_102,どれ,dore,,which,quale,21
ja_103,いくら,ikura,,how much,quanto,21
ja_104,なぜなら,nazenara,,because,perché,21
ja_105,でも,demo,,but,ma,21
ja_106,と,to,,and,e,22
ja_107,または,mata wa,,or,o,22
ja_108,一緒に,issho ni,いっしょに,with,con,22
ja_109,なしで,nashi de,,without,senza,22
ja_110,から,kara,,from,da,22
ja_111,へ,e,,to,a,23
ja_112,中に,naka ni,なかに,in,in,23
ja_113,上に,ue ni,うえに,on,su,23
ja_114,下に,shita ni,したに,under,sotto,23
ja_115,上,ue,うえ,above,sopra,23
ja_116,町,machi,まち,city,città,24
ja_117,通り,toori,とおり,street,strada,24
ja_118,店,mise,みせ,shop,negozio,24
ja_119,市場,ichiba,いちば,market,mercato,24
ja_120,公園,kouen,こうえん,park,parco,24
ja_121,部屋,heya,へや,room,stanza,25
ja_122,台所,daidokoro,だいどころ,kitchen,cucina,25
ja_123,浴室,yokushitsu,よくしつ,bathroom,bagno,25
ja_124,寝室,shinshitsu,しんしつ,bedroom,camera,25
ja_125,居間,ima,いま,living room,soggiorno,25
ja_126,チーズ,chiizu,,cheese,formaggio,26
ja_127,卵,tamago,たまご,egg,uovo,26
ja_128,魚,sakana,さかな,fish,pesce,26
ja_129,肉,niku,にく,meat,carne,26
ja_130,スープ,suupu,,soup,zuppa,26
ja_131,りんご,ringo,,apple,mela,27
ja_132,バナナ,banana,,banana,banana,27
ja_133,オレンジ,orenji,,orange fruit,arancia,27
ja_134,じゃがいも,jagaimo,,potato,patata,27
ja_135,にんじん,ninjin,,carrot,carota,27
ja_136,お茶,ocha,おちゃ,tea,tè,28
ja_137,牛乳,gyuunyuu,ぎゅうにゅう,milk,latte,28
ja_138,ジュース,juusu,,juice,succo,28
ja_139,朝食,choushoku,ちょうしょく,breakfast,colazione,28
ja_140,昼食,chuushoku,ちゅうしょく,lunch,pranzo,28
ja_141,夕食,yuushoku,ゆうしょく,dinner,cena,29
ja_142,塩,shio,しお,salt,sale,29
ja_143,砂糖,satou,さとう,sugar,zucchero,29
ja_144,皿,sara,さら,plate,piatto,29
ja_145,グラス,gurasu,,glass,bicchiere,29
ja_146,頭,atama,あたま,head,testa,30
ja_147,手,te,て,hand,mano,30
ja_148,足,ashi,あし,foot,piede,30
ja_149,目,me,め,eye,occhio,30
ja_150,耳,mimi,みみ,ear,orecchio,30
ja_151,鼻,hana,はな,nose,naso,31
ja_152,口,kuchi,くち,mouth,bocca,31
ja_153,髪,kami,かみ,hair,capelli,31
ja_154,ジャケット,jaketto,,jacket,giacca,31
ja_155,靴,kutsu,くつ,shoes,scarpe,31
ja_156,ズボン,zubon,,pants,pantaloni,32
ja_157,シャツ,shatsu,,shirt,camicia,32
ja_158,ドレス,doresu,,dress,vestito,32
ja_159,帽子,boushi,ぼうし,hat,cappello,32
ja_160,セーター,seetaa,,sweater,maglione,32
ja_161,秒,byou,びょう,second,secondo,33
ja_162,時間,jikan,じかん,hour,ora,33
ja_163,分,fun,ふん,minute,minuto,33
ja_164,年,toshi,とし,year,anno,33
ja_165,週末,shuumatsu,しゅうまつ,weekend,fine settimana,33
ja_166,月曜日,getsuyoubi,げつようび,Monday,lunedì,34
ja_167,火曜日,kayoubi,かようび,Tuesday,martedì,34
ja_168,水曜日,suiyoubi,すいようび,Wednesday,mercoledì,34
ja_169,木曜日,mokuyoubi,もくようび,Thursday,giovedì,34
ja_170,金曜日,kinyoubi,きにょうび,Friday,venerdì,34
ja_171,土曜日,doyoubi,どようび,Saturday,sabato,35
ja_172,日曜日,nichiyoubi,にちようび,Sunday,domenica,35
ja_173,春,haru,はる,spring,primavera,35
ja_174,夏,natsu,なつ,summer,estate,35
ja_175,秋,aki,あき,autumn,autunno,35
ja_176,冬,fuyu,ふゆ,winter,inverno,36
ja_177,太陽,taiyou,たいよう,sun,sole,36
ja_178,雨,ame,あめ,rain,pioggia,36
ja_179,雪,yuki,ゆき,snow,neve,36
ja_180,風,kaze,かぜ,wind,vento,36
ja_181,素敵,suteki,すてき,nice,bello,37
ja_182,曇り,kumori,くもり,cloudy,nuvoloso,37
ja_183,晴れ,hare,はれ,clear,sereno,37
ja_184,乾いた,kawaita,かわいた,dry,secco,37
ja_185,濡れた,nureta,ぬれた,wet,bagnato,37
ja_186,電車,densha,でんしゃ,train,treno,38
ja_187,バス,basu,,bus,autobus,38
ja_188,飛行機,hikouki,ひこうき,plane,aereo,38
ja_189,自転車,jitensha,じてんしゃ,bicycle,bicicletta,38
ja_190,船,fune,ふね,boat,barca,38
ja_191,駅,eki,えき,station,stazione,39
ja_192,空港,kuukou,くうこう,airport,aeroporto,39
ja_193,切符,kippu,きっぷ,ticket,biglietto,39
ja_194,地図,chizu,ちず,map,mappa,39
ja_195,ホテル,hoteru,,hotel,hotel,39
ja_196,左,hidari,ひだり,left,sinistra,40
ja_197,右,migi,みぎ,right,destra,40
ja_198,まっすぐ,massugu,,straight ahead,dritto,40
ja_199,近い,chikai,ちかい,near,vicino,40
ja_200,遠い,tooi,とおい,far,lontano,40
ja_201,十一,juuichi,じゅういち,eleven,undici,41
ja_202,十二,juuni,じゅうに,twelve,dodici,41
ja_203,十三,juusan,じゅうさん,thirteen,tredici,41
ja_204,十四,juuyon,じゅうよん,fourteen,quattordici,41
ja_205,十五,juugo,じゅうご,fifteen,quindici,41
ja_206,十六,juuroku,じゅうろく,sixteen,sedici,42
ja_207,十七,juunana,じゅうなな,seventeen,diciassette,42
ja_208,十八,juuhachi,じゅうはち,eighteen,diciotto,42
ja_209,十九,juukyuu,じゅうきゅう,nineteen,diciannove,42
ja_210,二十,nijuu,にじゅう,twenty,venti,42
ja_211,祖父,sofu,そふ,grandfather,nonno,43
ja_212,両親,ryoushin,りょうしん,parents,genitori,43
ja_213,息子,musuko,むすこ,son,figlio,43
ja_214,娘,musume,むすめ,daughter,figlia,43
ja_215,夫,otto,おっと,husband,marito,43
ja_216,先生,sensei,せんせい,teacher,insegnante,44
ja_217,学生,gakusei,がくせい,student,studente,44
ja_218,医者,isha,いしゃ,doctor,medico,44
ja_219,看護師,kangoshi,かんごし,nurse,infermiera,44
ja_220,警察,keisatsu,けいさつ,police,polizia,44
ja_221,仕事,shigoto,しごと,job,lavoro,45
ja_222,事務所,jimusho,じむしょ,office,ufficio,45
ja_223,クラス,kurasu,,class,classe,45
ja_224,宿題,shukudai,しゅくだい,homework,compito,45
ja_225,試験,shiken,しけん,test,test,45
ja_226,寝る,neru,ねる,to sleep,dormire,46
ja_227,起きる,okiru,おきる,to wake up,svegliarsi,46
ja_228,働く,hataraku,はたらく,to work,lavorare,46
ja_229,勉強する,benkyou suru,べんきょうする,to study,studiare,46
ja_230,学ぶ,manabu,まなぶ,to learn,imparare,46
ja_231,運転する,unten suru,うんてんする,to drive,guidare,47
ja_232,旅行する,ryokou suru,りょこうする,to travel,viaggiare,47
ja_233,待つ,matsu,まつ,to wait,aspettare,47
ja_234,見つける,mitsukeru,みつける,to find,trovare,47
ja_235,会う,au,あう,to meet,incontrare,47
ja_236,好き,suki,すき,to like,piacere,48
ja_237,愛する,ai suru,あいする,to love,amare,48
ja_238,欲しい,hoshii,ほしい,to want,volere,48
ja_239,必要,hitsuyou,ひつよう,to need,avere bisogno,48
ja_240,買う,kau,かう,to buy,comprare,48
ja_241,売る,uru,うる,to sell,vendere,49
ja_242,払う,harau,はらう,to pay,pagare,49
ja_243,開ける,akeru,あける,to open,aprire,49
ja_244,閉める,shimeru,しめる,to close,chiudere,49
ja_245,洗う,arau,あらう,to wash,lavare,49
ja_246,見る,miru,みる,to see,vedere,50
ja_247,聞く,kiku,きく,to hear,sentire,50
ja_248,言う,iu,いう,to say,dire,50
ja_249,尋ねる,tazuneru,たずねる,to ask,chiedere,50
ja_250,答える,kotaeru,こたえる,to answer,rispondere,50
ja_251,嬉しい,ureshii,うれしい,happy,felice,51
ja_252,悲しい,kanashii,かなしい,sad,triste,51
ja_253,怒った,okotta,おこった,angry,arrabbiato,51
ja_254,疲れた,tsukareta,つかれた,tired,stanco,51
ja_255,病気,byouki,びょうき,sick,malato,51
ja_256,簡単,kantan,かんたん,easy,facile,52
ja_257,難しい,muzukashii,むずかしい,difficult,difficile,52
ja_258,高い,takai,たかい,expensive,costoso,52
ja_259,安い,yasui,やすい,cheap,economico,52
ja_260,無料,muryou,むりょう,free,gratis,52
ja_261,多い,ooi,おおい,many,molti,53
ja_262,少ない,sukunai,すくない,few,pochi,53
ja_263,もっと,motto,,more,più,53
ja_264,少なく,sukunaku,すくなく,less,meno,53
ja_265,十分,juubun,じゅうぶん,enough,abbastanza,53
ja_266,よく,yoku,,often,spesso,54
ja_267,決して,kesshite,けっして,never,mai,54
ja_268,時々,tokidoki,ときどき,sometimes,a volte,54
ja_269,早い,hayai,はやい,early,presto,54
ja_270,遅い,osoi,おそい,late,tardi,54
ja_271,この,kono,,this common,questo,55
ja_272,これ,kore,,this neuter,questo,55
ja_273,これら,korera,,these,questi,55
ja_274,同じ,onaji,おなじ,same,stesso,55
ja_275,他の,hoka no,ほかの,other,altro,55
ja_276,さようなら,sayounara,,bye,arrivederci,56
ja_277,おはよう,ohayou,,good morning,buongiorno,56
ja_278,こんばんは,konbanwa,,good evening,buonasera,56
ja_279,おやすみ,oyasumi,,good night,buonanotte,56
ja_280,ようこそ,youkoso,,welcome,benvenuto,56
ja_281,どうぞ,douzo,,here you are,ecco a te,57
ja_282,本当にありがとう,hontou ni arigatou,ほんとうにありがとう,many thanks,mille grazie,57
ja_283,大丈夫,daijoubu,だいじょうぶ,it is fine,va bene,57
ja_284,そうですね,sou desu ne,,that's right,vero,57
ja_285,もちろん,mochiron,,of course,certo,57
ja_286,薬局,yakkyoku,やっきょく,pharmacy,farmacia,58
ja_287,病院,byouin,びょういん,hospital,ospedale,58
ja_288,歯医者,haisha,はいしゃ,dentist,dentista,58
ja_289,助け,tasuke,たすけ,help,aiuto,58
ja_290,問題,mondai,もんだい,problem,problema,58
ja_291,値段,nedan,ねだん,price,prezzo,59
ja_292,お金,okane,おかね,money,soldi,59
ja_293,レシート,reshiito,,receipt,ricevuta,59
ja_294,袋,fukuro,ふくろ,plastic bag,sacchetto,59
ja_295,サイズ,saizu,,size,taglia,59
ja_296,電話,denwa,でんわ,phone,telefono,60
ja_297,コンピューター,konpyuutaa,,computer,computer,60
ja_298,鍵,kagi,かぎ,key,chiave,60
ja_299,時計,tokei,とけい,clock,orologio,60
ja_300,かばん,kaban,,bag,borsa,60
ja_301,あげる,ageru,,to give,dare,61
ja_302,取る,toru,とる,to take,prendere,61
ja_303,置く,oku,おく,to put,mettere,61
ja_304,始める,hajimeru,はじめる,to begin,cominciare,61
ja_305,終わる,owaru,おわる,to finish,finire,61
ja_306,知る,shiru,しる,to know,sapere,62
ja_307,考える,kangaeru,かんがえる,to think,pensare,62
ja_308,分かる,wakaru,わかる,to understand,capire,62
ja_309,覚える,oboeru,おぼえる,to remember,ricordare,62
ja_310,忘れる,wasureru,わすれる,to forget,dimenticare,62
ja_311,助ける,tasukeru,たすける,to help,aiutare,63
ja_312,電話する,denwa suru,でんわする,to call,chiamare,63
ja_313,送る,okuru,おくる,to send,inviare,63
ja_314,失う,ushinau,うしなう,to lose,perdere,63
ja_315,勝つ,katsu,かつ,to win,vincere,63
ja_316,着く,tsuku,つく,to arrive,arrivare,64
ja_317,入る,hairu,はいる,to enter,entrare,64
ja_318,出発する,shuppatsu suru,しゅっぱつする,to depart,partire,64
ja_319,住む,sumu,すむ,to live,abitare,64
ja_320,歩く,aruku,あるく,to walk,camminare,64
ja_321,走る,hashiru,はしる,to run,correre,65
ja_322,泳ぐ,oyogu,およぐ,to swim,nuotare,65
ja_323,跳ぶ,tobu,とぶ,to jump,saltare,65
ja_324,踊る,odoru,おどる,to dance,ballare,65
ja_325,歌う,utau,うたう,to sing,cantare,65
ja_326,遊ぶ,asobu,あそぶ,to play,giocare,66
ja_327,料理する,ryouri suru,りょうりする,to cook,cucinare,66
ja_328,掃除する,souji suru,そうじする,to clean,pulire,66
ja_329,建てる,tateru,たてる,to build,costruire,66
ja_330,変える,kaeru,かえる,to change,cambiare,66
ja_331,ご飯,gohan,ごはん,rice,riso,67
ja_332,パスタ,pasuta,,pasta,pasta,67
ja_333,鶏肉,toriniku,とりにく,chicken,pollo,67
ja_334,牛肉,gyuuniku,ぎゅうにく,beef,manzo,67
ja_335,豚肉,butaniku,ぶたにく,pork,carne di maiale,67
ja_336,バター,bataa,,butter,burro,68
ja_337,油,abura,あぶら,oil,olio,68
ja_338,こしょう,koshou,,pepper,pepe,68
ja_339,たまねぎ,tamanegi,,onion,cipolla,68
ja_340,トマト,tomato,,tomato,pomodoro,68
ja_341,にんにく,ninniku,,garlic,aglio,69
ja_342,レモン,remon,,lemon,limone,69
ja_343,いちご,ichigo,,strawberry,fragola,69
ja_344,ぶどう,budou,,grape,uva,69
ja_345,ケーキ,keeki,,cake,torta,69
ja_346,チョコレート,chokoreeto,,chocolate,cioccolato,70
ja_347,アイスクリーム,aisukuriimu,,ice cream,gelato,70
ja_348,ワイン,wain,,wine,vino,70
ja_349,ビール,biiru,,beer,birra,70
ja_350,ビン,bin,,bottle,bottiglia,70
ja_351,テーブル,teeburu,,table,tavolo,71
ja_352,いす,isu,,chair,sedia,71
ja_353,ベッド,beddo,,bed,letto,71
ja_354,ドア,doa,,door,porta,71
ja_355,窓,mado,まど,window,finestra,71
ja_356,壁,kabe,かべ,wall,muro,72
ja_357,床,yuka,ゆか,floor,pavimento,72
ja_358,屋根,yane,やね,roof,tetto,72
ja_359,庭,niwa,にわ,garden,giardino,72
ja_360,ガレージ,gareeji,,garage,garage,72
ja_361,ランプ,ranpu,,lamp,lampada,73
ja_362,鏡,kagami,かがみ,mirror,specchio,73
ja_363,タオル,taoru,,towel,asciugamano,73
ja_364,せっけん,sekken,,soap,sapone,73
ja_365,冷蔵庫,reizouko,れいぞうこ,fridge,frigorifero,73
ja_366,オーブン,oobun,,oven,forno,74
ja_367,ソファ,sofa,,sofa,divano,74
ja_368,棚,tana,たな,shelf,scaffale,74
ja_369,階段,kaidan,かいだん,stairs,scale,74
ja_370,エレベーター,erebeetaa,,elevator,ascensore,74
ja_371,犬,inu,いぬ,dog,cane,75
ja_372,猫,neko,ねこ,cat,gatto,75
ja_373,鳥,tori,とり,bird,uccello,75
ja_374,馬,uma,うま,horse,cavallo,75
ja_375,牛,ushi,うし,cow,mucca,75
ja_376,羊,hitsuji,ひつじ,sheep,pecora,76
ja_377,豚,buta,ぶた,pig,maiale,76
ja_378,めんどり,mendori,,hen,gallina,76
ja_379,ねずみ,nezumi,,mouse,topo,76
ja_380,うさぎ,usagi,,rabbit,coniglio,76
ja_381,木,ki,き,tree,albero,77
ja_382,花,hana,はな,flower,fiore,77
ja_383,草,kusa,くさ,grass,erba,77
ja_384,山,yama,やま,mountain,montagna,77
ja_385,川,kawa,かわ,river,fiume,77
ja_386,海,umi,うみ,sea,mare,78
ja_387,湖,mizuumi,みずうみ,lake,lago,78
ja_388,森,mori,もり,forest,foresta,78
ja_389,浜,hama,はま,beach,spiaggia,78
ja_390,空,sora,そら,sky,cielo,78
ja_391,三十,sanjuu,さんじゅう,thirty,trenta,79
ja_392,四十,yonjuu,よんじゅう,forty,quaranta,79
ja_393,五十,gojuu,ごじゅう,fifty,cinquanta,79
ja_394,百,hyaku,ひゃく,hundred,cento,79
ja_395,千,sen,せん,thousand,mille,79
ja_396,灰色,haiiro,はいいろ,grey,grigio,80
ja_397,一番目,ichibanme,いちばんめ,first,primo,80
ja_398,最後,saigo,さいご,last,ultimo,80
ja_399,半分,hanbun,はんぶん,half,metà,80
ja_400,番号,bangou,ばんごう,number,numero,80
ja_401,こわい,kowai,,afraid,spaventato,81
ja_402,びっくり,bikkuri,,surprised,sorpreso,81
ja_403,たいくつ,taikutsu,,bored,annoiato,81
ja_404,静か,shizuka,しずか,calm,calmo,81
ja_405,誇らしい,hokorashii,ほこらしい,proud,fiero,81
ja_406,強い,tsuyoi,つよい,strong,forte,82
ja_407,弱い,yowai,よわい,weak,debole,82
ja_408,きれい,kirei,,beautiful,stupendo,82
ja_409,醜い,minikui,みにくい,ugly,brutto,82
ja_410,若い,wakai,わかい,young,giovane,82
ja_411,金持ち,kanemochi,かねもち,rich,ricco,83
ja_412,貧しい,mazushii,まずしい,poor,povero,83
ja_413,清潔,seiketsu,せいけつ,clean,pulito,83
ja_414,汚い,kitanai,きたない,dirty,sporco,83
ja_415,おもしろい,omoshiroi,,funny,divertente,83
ja_416,道,michi,みち,road,via,84
ja_417,橋,hashi,はし,bridge,ponte,84
ja_418,タクシー,takushii,,taxi,taxi,84
ja_419,荷物,nimotsu,にもつ,luggage,bagaglio,84
ja_420,パスポート,pasupooto,,passport,passaporto,84
ja_421,フライト,furaito,,flight,volo,85
ja_422,席,seki,せき,seat,posto,85
ja_423,運転手,untenshu,うんてんしゅ,driver,autista,85
ja_424,交通,koutsuu,こうつう,traffic,traffico,85
ja_425,旅行,ryokou,りょこう,journey,viaggio,85
ja_426,ペン,pen,,pen,penna,86
ja_427,鉛筆,enpitsu,えんぴつ,pencil,matita,86
ja_428,紙,kami,かみ,paper,carta,86
ja_429,ノート,nooto,,notebook,quaderno,86
ja_430,机,tsukue,つくえ,desk,scrivania,86
ja_431,会議,kaigi,かいぎ,meeting,riunione,87
ja_432,メール,meeru,,email,email,87
ja_433,上司,joushi,じょうし,boss,capo,87
ja_434,給料,kyuuryou,きゅうりょう,salary,stipendio,87
ja_435,会社,kaisha,かいしゃ,company,azienda,87
ja_436,腕,ude,うで,arm,braccio,88
ja_437,脚,ashi,あし,leg,gamba,88
ja_438,指,yubi,ゆび,finger,dito,88
ja_439,背中,senaka,せなか,back,schiena,88
ja_440,心臓,shinzou,しんぞう,heart,cuore,88
ja_441,コート,kooto,,coat,cappotto,89
ja_442,スカート,sukaato,,skirt,gonna,89
ja_443,くつした,kutsushita,,sock,calzino,89
ja_444,手袋,tebukuro,てぶくろ,glove,guanto,89
ja_445,マフラー,mafuraa,,scarf,sciarpa,89
ja_446,薬,kusuri,くすり,medicine,medicina,90
ja_447,熱,netsu,ねつ,fever,febbre,90
ja_448,痛み,itami,いたみ,pain,dolore,90
ja_449,せき,seki,,cough,tosse,90
ja_450,血,chi,ち,blood,sangue,90
ja_451,現金,genkin,げんきん,cash,contanti,91
ja_452,クレジットカード,kurejittokaado,,credit card,carta di credito,91
ja_453,割引,waribiki,わりびき,discount,sconto,91
ja_454,客,kyaku,きゃく,customer,cliente,91
ja_455,プレゼント,purezento,,gift,regalo,91
ja_456,音楽,ongaku,おんがく,music,musica,92
ja_457,歌,uta,うた,song,canzone,92
ja_458,映画,eiga,えいが,film,film,92
ja_459,ゲーム,geemu,,game,gioco,92
ja_460,パーティー,paatii,,party,festa,92
ja_461,サッカー,sakkaa,,football,calcio,93
ja_462,テニス,tenisu,,tennis,tennis,93
ja_463,スポーツ,supootsu,,sport,sport,93
ja_464,チーム,chiimu,,team,squadra,93
ja_465,ボール,booru,,ball,palla,93
ja_466,ギター,gitaa,,guitar,chitarra,94
ja_467,ピアノ,piano,,piano,pianoforte,94
ja_468,写真,shashin,しゃしん,photo,foto,94
ja_469,趣味,shumi,しゅみ,hobby,hobby,94
ja_470,休暇,kyuuka,きゅうか,holiday,vacanza,94
ja_471,インターネット,intaanetto,,internet,internet,95
ja_472,ウェブサイト,webusaito,,website,sito,95
ja_473,パスワード,pasuwaado,,password,password,95
ja_474,画面,gamen,がめん,screen,schermo,95
ja_475,キーボード,kiiboodo,,keyboard,tastiera,95
ja_476,メッセージ,messeeji,,message,messaggio,96
ja_477,ニュース,nyuusu,,news,notizie,96
ja_478,テレビ,terebi,,television,televisione,96
ja_479,ラジオ,rajio,,radio,radio,96
ja_480,カメラ,kamera,,camera,macchina fotografica,96
ja_481,も,mo,,also,anche,97
ja_482,だけ,dake,,only,solo,97
ja_483,とても,totemo,,very,molto,97
ja_484,たぶん,tabun,,maybe,forse,97
ja_485,もう,mou,,already,già,97
ja_486,一月,ichigatsu,いちがつ,January,gennaio,98
ja_487,二月,nigatsu,にがつ,February,febbraio,98
ja_488,三月,sangatsu,さんがつ,March,marzo,98
ja_489,四月,shigatsu,しがつ,April,aprile,98
ja_490,五月,gogatsu,ごがつ,May,maggio,98
ja_491,六月,rokugatsu,ろくがつ,June,giugno,99
ja_492,七月,shichigatsu,しちがつ,July,luglio,99
ja_493,八月,hachigatsu,はちがつ,August,agosto,99
ja_494,九月,kugatsu,くがつ,September,settembre,99
ja_495,十月,juugatsu,じゅうがつ,October,ottobre,99
ja_496,十一月,juuichigatsu,じゅういちがつ,November,novembre,100
ja_497,十二月,juunigatsu,じゅうにがつ,December,dicembre,100
ja_498,日付,hidzuke,ひづけ,date,data,100
ja_499,カレンダー,karendaa,,calendar,calendario,100
ja_500,誕生日,tanjoubi,たんじょうび,birthday,compleanno,100
